{
 "total_steps": 2960.0,
 "best_accuracy": {
  "data/politihop/original/politihop_valid_all.json": 0.7021276595744681,
  "data/politihop/original/politihop_test_all.json": 0.8,
  "data/politihop/original/politihop_valid_adv.json": 0.7092198581560284,
  "data/politihop/original/politihop_test_adv.json": 0.79,
  "data/politihop/original/politihop_valid_even.json": 0.7092198581560284,
  "data/politihop/original/politihop_test_even.json": 0.79,
  "data/politihop/original/Hard_PolitiHop_by_gpt-3.5.json": 0.785,
  "data/politihop/original/Hard_PolitiHop_by_gpt-4.0.json": 0.79
 },
 "best_step": {
  "data/politihop/original/politihop_valid_all.json": 1776,
  "data/politihop/original/politihop_test_all.json": 1628,
  "data/politihop/original/politihop_valid_adv.json": 444,
  "data/politihop/original/politihop_test_adv.json": 1480,
  "data/politihop/original/politihop_valid_even.json": 1776,
  "data/politihop/original/politihop_test_even.json": 1480,
  "data/politihop/original/Hard_PolitiHop_by_gpt-3.5.json": 592,
  "data/politihop/original/Hard_PolitiHop_by_gpt-4.0.json": 2072
 },
 "accuracy": {
  "data/politihop/original/politihop_valid_all.json": [
   0.6950354609929078,
   0.6595744680851063,
   0.6879432624113475,
   0.652482269503546,
   0.6595744680851063,
   0.652482269503546,
   0.6666666666666666,
   0.652482269503546,
   0.652482269503546,
   0.6666666666666666,
   0.6737588652482269,
   0.7021276595744681,
   0.6808510638297872,
   0.6950354609929078,
   0.6666666666666666,
   0.6666666666666666,
   0.652482269503546,
   0.5957446808510638,
   0.6808510638297872,
   0.6312056737588653
  ],
  "data/politihop/original/politihop_test_all.json": [
   0.75,
   0.765,
   0.78,
   0.78,
   0.755,
   0.76,
   0.77,
   0.775,
   0.785,
   0.795,
   0.8,
   0.775,
   0.77,
   0.77,
   0.775,
   0.765,
   0.76,
   0.76,
   0.755,
   0.76
  ],
  "data/politihop/original/politihop_valid_adv.json": [
   0.6950354609929078,
   0.6170212765957447,
   0.7092198581560284,
   0.6595744680851063,
   0.6808510638297872,
   0.6453900709219857,
   0.6595744680851063,
   0.6595744680851063,
   0.6595744680851063,
   0.6382978723404256,
   0.6453900709219857,
   0.6950354609929078,
   0.652482269503546,
   0.7021276595744681,
   0.7092198581560284,
   0.6879432624113475,
   0.6808510638297872,
   0.6312056737588653,
   0.6312056737588653,
   0.6312056737588653
  ],
  "data/politihop/original/politihop_test_adv.json": [
   0.75,
   0.77,
   0.78,
   0.785,
   0.76,
   0.775,
   0.785,
   0.785,
   0.785,
   0.79,
   0.785,
   0.775,
   0.755,
   0.79,
   0.76,
   0.76,
   0.76,
   0.755,
   0.76,
   0.755
  ],
  "data/politihop/original/politihop_valid_even.json": [
   0.6950354609929078,
   0.652482269503546,
   0.6879432624113475,
   0.6453900709219857,
   0.6595744680851063,
   0.652482269503546,
   0.652482269503546,
   0.652482269503546,
   0.652482269503546,
   0.6666666666666666,
   0.6737588652482269,
   0.7092198581560284,
   0.6808510638297872,
   0.6950354609929078,
   0.6666666666666666,
   0.6666666666666666,
   0.6666666666666666,
   0.6099290780141844,
   0.6879432624113475,
   0.624113475177305
  ],
  "data/politihop/original/politihop_test_even.json": [
   0.75,
   0.765,
   0.78,
   0.78,
   0.755,
   0.765,
   0.77,
   0.77,
   0.77,
   0.79,
   0.79,
   0.775,
   0.765,
   0.775,
   0.775,
   0.76,
   0.77,
   0.75,
   0.76,
   0.755
  ],
  "data/politihop/original/Hard_PolitiHop_by_gpt-3.5.json": [
   0.75,
   0.77,
   0.775,
   0.785,
   0.76,
   0.75,
   0.76,
   0.76,
   0.76,
   0.775,
   0.77,
   0.775,
   0.785,
   0.785,
   0.78,
   0.765,
   0.775,
   0.74,
   0.76,
   0.745
  ],
  "data/politihop/original/Hard_PolitiHop_by_gpt-4.0.json": [
   0.75,
   0.785,
   0.775,
   0.78,
   0.76,
   0.755,
   0.765,
   0.765,
   0.77,
   0.78,
   0.775,
   0.775,
   0.78,
   0.79,
   0.77,
   0.775,
   0.775,
   0.755,
   0.76,
   0.745
  ]
 }
}