{
 "total_steps": 41300.0,
 "best_accuracy": {
  "data/fever/fever_dev-2class.json": 0.9018901890189019,
  "data/fever/fever_dev-2class-mh.json": 0.928771733034212,
  "data/fever/fever2-2class.json": 0.6213468869123253,
  "data/fever/fever2-2class-mh.json": 0.6707920792079208
 },
 "best_step": {
  "data/fever/fever_dev-2class.json": 2065,
  "data/fever/fever_dev-2class-mh.json": 2065,
  "data/fever/fever2-2class.json": 33040,
  "data/fever/fever2-2class-mh.json": 16520
 },
 "accuracy": {
  "data/fever/fever_dev-2class.json": [
   0.9018901890189019,
   0.8826132613261327,
   0.8692619261926193,
   0.8795379537953796,
   0.8733873387338734,
   0.8745124512451246,
   0.8906390639063907,
   0.8803630363036304,
   0.8770627062706271,
   0.8765376537653766,
   0.8784878487848785,
   0.8702370237023703,
   0.8862886288628864,
   0.8803630363036304,
   0.8798379837983799,
   0.8943144314431444,
   0.8906390639063907,
   0.8860636063606361,
   0.884938493849385,
   0.8886888688868888
  ],
  "data/fever/fever_dev-2class-mh.json": [
   0.928771733034212,
   0.9004486819966349,
   0.893157599551318,
   0.9091418956814358,
   0.8976444195176668,
   0.9029725182277061,
   0.9133482893998879,
   0.9066180594503646,
   0.9054963544587773,
   0.9035333707234997,
   0.9105440269209198,
   0.9012899607403253,
   0.9167134043746494,
   0.9147504206393718,
   0.9077397644419518,
   0.9254066180594503,
   0.9209197980931015,
   0.918956814357824,
   0.9164329781267526,
   0.9220415030846887
  ],
  "data/fever/fever2-2class.json": [
   0.6035578144853876,
   0.5806861499364676,
   0.6175349428208387,
   0.6099110546378653,
   0.5616264294790343,
   0.5959339263024143,
   0.6124523506988564,
   0.6149936467598476,
   0.5946632782719187,
   0.5972045743329099,
   0.5959339263024143,
   0.5781448538754765,
   0.613722998729352,
   0.5984752223634053,
   0.590851334180432,
   0.6213468869123253,
   0.6048284625158832,
   0.6048284625158832,
   0.6086404066073697,
   0.6099110546378653
  ],
  "data/fever/fever2-2class-mh.json": [
   0.6262376237623762,
   0.6039603960396039,
   0.6336633663366337,
   0.6658415841584159,
   0.6113861386138614,
   0.6460396039603961,
   0.655940594059406,
   0.6707920792079208,
   0.6410891089108911,
   0.6460396039603961,
   0.6584158415841584,
   0.6361386138613861,
   0.6410891089108911,
   0.6485148514851485,
   0.6386138613861386,
   0.6460396039603961,
   0.6361386138613861,
   0.6485148514851485,
   0.6485148514851485,
   0.6460396039603961
  ]
 }
}